keep,remove
fishnet legwear, black legwear
!?,!!
licking lips,:q
2girls,1girl
1boy,2boys
3boys,2boys
3girls,2girls
4girls,3girls
5girls,4girls
6+girls,5girls
tying hair,adjusting hair
hair tucking,adjusting hair
after vaginal,after ejaculation
sitting on railing,against railing
height difference,age difference
american flag slingshot swimsuit,american flag bikini
american flag leotard,american flag bikini
cowboy western,american flag print bikini
after anal,anal
imminent anal,anal
anchor symbol,anchor
belt collar,animal collar
cat ear headphones,animal ear headphones
anus peek,anus
aqua dress,aqua shirt
spider girl,arachne
large areolae,areola slip
arms behind back,arm behind back
arms behind head,arm behind head
arm held back,arm grab
hand on own head,arm up
arms up,arm up
fur-trimmed sleeves,arm warmer
arms behind head,arms behind back
quadruple amputee,arms behind back
arms behind back,arms up
patreon username,artist name
spread ass,ass
hand on own ass,ass
ass visible through thighs,ass
ass support,ass grab
american flag legwear,asymmetrical legwear
back cutout,back
bracelet,bangle
identity censor,bar censor
barefoot sandals,barefoot
basketball uniform,basketball
mixed bathing,bathing
bathtub,bathroom
bee girl,bee
beige bowtie,beige bow
beige parka,beige coat
beige necktie,beige tie
arm belt,belt
garter belt,belt
chain belt,belt
black garter belt,belt
studded garter belt,belt
belt pouch,belt
dilation belt,belt
chastity belt,belt
crop top,bikini
bikini top only,bikini
slingshot swimsuit,bikini
one-piece swimsuit,bikini
highleg bikini,bikini top
bodystocking,black bodysuit
witch hat,black headwear
black dress,black jacket
black dress,black shirt
blonde parka,blonde coat
light brown hair,blonde hair
blonde parka,blonde jacket
blonde coat,blonde jacket
blonde dress,blonde shirt
dark blue hair,blue hair
light blue hair,blue hair
blue dress,blue shirt
denim shorts,blue shorts
furry,body fur
diving suit,bodysuit
bondage outfit,bondage
naked shirt,bottomless
skirt removed,bottomless
beige bowtie,bow
bra strap,bra
french braid,braided bun
groping,breast grab
nipple tweak,breast grab
chest tattoo,breast tattoo
light brown eyes,brown eyes
brown dress,brown shirt
butterfly,bug
house,building
anal bead,butt plug
carrot hair ornament,carrot
cat ears,cat girl
anal tail,cat tail
fake tail,cat tail
corded phone,cellphone
implied sex,censored
chain necklace,chain
chain belt,chain
nipple chain,chain
:>=,cheek bulge
town,city
cleavage cutout,cleavage
nipple cutout,cleavage cutout
clenched hands,clenched hand
half-closed eyes,closed eyes
parted lips,closed mouth
cocktail glass,cocktail
choker,collar
blue sailor collar,collar
dress shirt,collared shirt
blindfold,covered eyes
pasties,covered nipples
nipple slip,covered nipples
nude cover,covering
pokemon (creature),creature
crotch seam,crotch
tearing up,crying
cum in nose,cum in mouth
gokkun,cum in mouth
cumdrip,cum in pussy
cum in ass,cum on ass
bukkake,cum on body
cum on breasts,cum on body
bukkake,cum on breasts
cumdrip onto panties,cumdrip
cum in cup,cup
groping,deep skin
spiked collar,detached collar
virgin killer sweater,detached sleeves
diamond (symbol),diamond (shape)
strap-on,dildo
dildo riding,dildo
dildo under panties,dildo
strap-on,dildo
pov doorway,doorway
strap-on,double dildo
d-pad hair ornament,d-pad
twin drills,drill hair
drinking glass,drink
drinking straw,drink
drinking straw,drinking
drugs,drugged
ear piercing,earrings
egg hair ornament,egg (food)
cum in nose,ejaculation
female ejaculation,ejaculation
single elbow glove,elbow gloves
large penis,erection
veiny penis,erection
masturbation,erection
futanari masturbation,erection
erection under clothes,erection
sunset,evening
public use,exhibitionism
eyewear on headwear,eyewear on head
bukkake,facial
cum in nose,facial
rabbit ears,fake animal ears
cat ears,fake animal ears
sharp teeth,fang
fangs,fang
skin fang,fangs
irrumatio,fellatio
after fellatio,fellatio
autofellatio,fellatio
imminent fellatio,fellatio
pubic stubble,female pubic hair
fire-form,fire
shark tail,fish tail
chastity cage,flaccid
floating rock,floating
hat flower,flower
hair flower,flower
flower field,flower
dress flower,flower
flower tattoo,flower
flower necklace,flower
frog hair ornament,frog
fur coat,fur collar
furry with non-furry,furry
full-package futanari,futanari
futanari pov,futanari
drinking glass,glass
partially fingerless gloves,gloves
glowing eyes,glowing
gold armor,gold
egyptian,gold
gold dress,gold shirt
groping,grabbing another's ass
head grab,grabbing another's hair
ass support,grabbing own ass
rainbow hair,gradient hair
gray parka,gray coat
gray parka,gray jacket
gray coat,gray jacket
gray dress,gray shirt
light green eyes,green eyes
green dress,green shirt
silver hair,grey hair
grey dress,grey shirt
smirk,grin
breast squeeze,groping
grabbing another's breasts,groping
grabbing from behind,groping
anal fingering,groping
anal fisting,groping
multiple hair bows,hair bow
x hair ornament,hair clip
hair ears,hair flaps
twin tails,hair tie
torogao,half-closed eyes
halftone background,halftone
criss-cross halter,halter top
hair tucking,hand in hair
head grab,hand on another's head
grabbing another's hair,hand on another's head
head grab,hand on another's head
hands on another's head,hand on another's head
hands on ass,hand on ass
adjusting headwear,hand on headwear
hands on own ass,hand on own ass
hair tucking,hand up
grabbing another's hair,hands on another's head
head grab,hands on another's head
ass support,hands on ass
hands on own cheeks,hands on own face
hand on own knee,hands on own knees
double v,hands up
happy valentine,happy
chest harness,harness
frilled hat,hat
hat feather,hat
circlet,headband
choke hold,headlock
heart background,heart
heart-shaped chocolate,heart
heart-shaped pupils,heart
heart tattoo,heart
heart pendant,heart
heart hands duo,heart
heart hands,heart
heart pasties,heart
heart necklace,heart
heart cutout,heart
heart choker,heart
heart hair ornament,heart
heart-shaped eyewear,heart
heart earrings,heart
heart-shaped gem,heart
heart hands duo,heart hands
pentagram,hexagram
popped collar,high collar
sakazuki,holding cup
hair pull,holding hair
grabbing another's hair,holding hair
pillow hug,holding pillow
hood down,hood
hood,hood up
after sex,implied sex
sltealth paizuri,implied sex
middle finger,index finger raised
cum inflation,inflation
bruise,injury
netorare,instant loss
coat,jacket
jacket partially removed,jacket
hakama,japanese clothes
wristlet,jewelry
ak-47,kalashnikov rifle
key necklace,key
kyuubi,kitsune
naked labcoat,labcoat
multiple piercings,labia piercing
gigantic breasts,large breasts
leaf hair ornament,leaf
leg lift,leg up
anilingus,licking
french kiss,licking
clenched teeth,lip biting
lipstick ring,lipstick
smeared lipstick,lipstick
tentacle hair,liquid hair
locker room,locker
pelvic curtain,loincloth
gothic lolita,lolita fashion
low-tied long hair,long hair
looking to the side,looking at another
looking at penis,looking at viewer
looking at penis,looking down
looking away,looking to the side
beach chair,lounge chair
pubic stubble,male pubic hair
male swimwear challenge,male swimwear
puffy chest,manboobs
body markings,markings
facepaint,mask
large breasts,medium breasts
long hair,medium hair
slingshot swimsuit,micro bikini
thong bikini,micro bikini
midriff peek,midriff
military uniform,military hat
milk carton,milk
pencil skirt,miniskirt
mirror image,mirror
reflection,mirror image
tomoe (symbol),mitsudomoe (shape)
greyscale,monochrome
monocle hair ornament,monocle
mountainous horizon,mountain
mouse girl,mouse
mouth-hold condom,mouth-hold
striped bikini,multicolored bikini
gray nails,nail polish
blonde nails,nail polish
beige nails,nail polish
native american headdress,native american
blush,naughty face
lip biting,naughty face
condom-necklace,necklace
sunset,night
twilight,night
barbell piercing,nipple piercing
nipple slip,nippleless clothes
condom-tied nipples,nipples
full-face blush,nose blush
nose ring,nose hook
completely nude,nude
beach,ocean
cum on floor,on floor
leotard,one-piece swimsuit
slingshot swimsuit,one-piece swimsuit
oni mask,oni
breasts out,open clothes
opening door,open door
open coat,open jacket
parted lips,open mouth
orange dress,orange shirt
female ejaculation,orgasm
cum in nose,overflow
white skin,pale skin
panties around one leg,panties
adjusting panties,panties
no pants,pants
single leg pantyhose,pantyhose
lip biting,parted lips
patterned clothing,patterned
shoulder armor,pauldrons
stuffed penguin,penguin
multiple penises,penis
chastity cage,penis
penis on face,penis
penis on head,penis on face
cellphone picture,photo (object)
pink dress,pink shirt
\m/,pinky out
revolver,pistol
plaid bowtie,plaid
earth (planet),planet
reverse bunnysuit,playboy bunny
leotard,playboy bunny
playing card theme,playing card
identity censor,pointless censoring
long pointy ears,pointy ears
poke ball symbol,poke ball print
furry,pokemon (creature)
axe,polearm
american flag bikini,print bikini
fishnet legwear,print legwear
front-print panties,print panties
back-print panties,print panties
excessive pubic hair,pubic hair peek
huge nipples,puffy nipples
light purple eyes,purple eyes
purple dress,purple shirt
pink skin,purple skin
pussy cutout,pussy
crotchless panties,pussy peek
ranbow gradient,rainbow
raised eyebrows,raised eyebrow
imminent rape,rape
rough sex,rape
multicolored bodysuit,red bodysuit
red dress,red shirt
choke hold,restrained
headlock,restrained
choking,restrained
reverse bunnysuit,revealing clothes
exhibitionism,revealing clothes
dancer,revealing clothes
see-through,revealing clothes
full nelson,reverse suspended congress
naked ribbon,ribbon
ribbon choker,ribbon
ribbon trim,ribbon
ribbon-trimmed sleeves,ribbon
thumb ring,ring
captive bead ring,ring
horn ring,ring
labia ring,ring
nipple rings,ring
street,road
street,road
bathrobe,robe
floating rock,rock
stenciled rose,rose
rough sex,ryona
bsdm,sadism
femdom,sadism
hanging breasts,sagging breasts
green sailor collar,sailor
sailor hat,sailor
sake bottle,sake
saliva trail,saliva
turtleneck,scarf
sailor uniform,school uniform
sailor,school uniform
wrist scrunchie,scrunchie
school uniform,serafuku
sailor uniform,serafuku
sailor,serafuku
doggystyle,sex from behind
silhouette,shadow
drop shadow,shadow
shark girl,shark
silver hair,shiny hair
dress,shirt
undershirt,shirt
naked shirt,shirt
sweater,shirt
very short hair,short hair
medium hair,short hair
side braids,side braid
white background,simple background
black background,simple background
grey background,simple background
purple background,simple background
seiza,sitting
legs apart,sitting
skin fangs,skin fang
sleeves past fingers,sleeves past wrists
shouji,sliding doors
flat chest,small breasts
chastity cage,small penis
lip biting,smile
holding cigarette,smoking
cum in nose,snot
soap bubbles,soap
soap censor,soap
solo focus,solo
burp,sound effects
slap mark,spanking
sparkle background,sparkle
sparkle print,sparkle
starry sky,sparkle
sports bra,sportswear
outstretched arms,spread arms
spread anus,spread ass
legs apart,spread legs
standing split,standing on one leg
star-shaped gem,star (symbol)
flag print,star print
steaming body,steam
highleg leotard,strapless leotard
micro bikini,string bikini
:>=,sunken cheeks
twilight,sunset
super saiyan 2,super saiyan 1
flying sweatdrops,sweatdrop
micro bikini,swimsuit
black one-piece swimsuit,swimsuit
asymmetrical docking,symmetrical docking
selfie,taking picture
holding phone,talking on phone
sports bra,tank top
tight dress,taut clothes
threesome,teamwork
crying with eyes open,tears
tearing up,tears
smooth testicles,testicles
hands on own thighs,thighs
between thighs,thighs
thong aside,thong
micro panties,thong
slingshot swimsuit,thong bikini
circlet,tiara
stirrup legwear,toeless legwear
muscular female,toned
muscular male,toned
cum on tongue,tongue
licking lips,tongue out
bodystocking,torn bodysuit
ghost,transparent
hitodama,transparent
tribal tattoo,tribal
microdress,tube dress
sleeveless turtleneck leotard,turtleneck leotard
twin drills,twintails
trembling,twitching
fat man,ugly man
underboob cutout,underboob
panties removed,underwear
panites,underwear
topless,underwear only
untied panties,untied
open jacket,unzipped
backhand-v,v
backhand-v over eye,v over eye
vaginal object insertion,vaginal
after vaginal,vaginal
mouth veil,veil
anger vein,veins
black skin,very dark skin
exhibitionism,voyeurism
artist name,watermark
artist name,web address
diving suit,wetsuit
wind lift,wind
champagne flute,wine glass
fire-wings,wings
no wings,wings
witch hat,witch
dog ears,wolf ears
implied yaoi,yaoi
yellow dress,yellow shirt
